year,month,PRECTOTCORR,T2M,P_mm,site
1991,1,0.35,20.51,10.85,Bako
1991,2,0.48,21.64,13.44,Bako
1991,3,2.71,21.92,84.01,Bako
1991,4,2.49,22.28,74.7,Bako
1991,5,3.62,22.19,112.22,Bako
1991,6,8.6,19.39,258.0,Bako
1991,7,11.22,17.29,347.82,Bako
1991,8,11.32,17.4,350.92,Bako
1991,9,8.11,18.08,243.29999999999998,Bako
1991,10,0.91,17.93,28.21,Bako
1991,11,0.16,17.38,4.8,Bako
1991,12,0.79,17.89,24.490000000000002,Bako
1992,1,0.55,19.64,17.05,Bako
1992,2,1.87,20.2,54.230000000000004,Bako
1992,3,1.22,22.96,37.82,Bako
1992,4,4.73,22.12,141.9,Bako
1992,5,5.71,20.76,177.01,Bako
1992,6,14.01,18.31,420.3,Bako
1992,7,11.51,16.88,356.81,Bako
1992,8,17.4,16.74,539.4,Bako
1992,9,6.33,17.47,189.9,Bako
1992,10,5.63,17.83,174.53,Bako
1992,11,1.12,17.2,33.6,Bako
1992,12,0.45,18.23,13.950000000000001,Bako
1993,1,1.17,18.66,36.269999999999996,Bako
1993,2,1.34,19.62,37.52,Bako
1993,3,1.7,21.91,52.699999999999996,Bako
1993,4,5.84,20.34,175.2,Bako
1993,5,6.17,19.73,191.27,Bako
1993,6,19.56,17.83,586.8,Bako
1993,7,12.76,16.76,395.56,Bako
1993,8,15.02,17.46,465.62,Bako
1993,9,10.2,17.85,306.0,Bako
1993,10,4.33,17.98,134.23,Bako
1993,11,0.26,17.85,7.800000000000001,Bako
1993,12,0.06,17.48,1.8599999999999999,Bako
1994,1,0.01,19.14,0.31,Bako
1994,2,0.6,20.75,16.8,Bako
1994,3,1.94,22.31,60.14,Bako
1994,4,3.81,22.89,114.3,Bako
1994,5,5.76,20.46,178.56,Bako
1994,6,12.15,17.86,364.5,Bako
1994,7,14.64,16.81,453.84000000000003,Bako
1994,8,13.8,16.85,427.8,Bako
1994,9,11.55,17.73,346.5,Bako
1994,10,0.33,18.11,10.23,Bako
1994,11,0.48,17.93,14.399999999999999,Bako
1994,12,0.18,18.28,5.58,Bako
1995,1,0.01,19.75,0.31,Bako
1995,2,1.08,21.18,30.240000000000002,Bako
1995,3,1.75,22.3,54.25,Bako
1995,4,3.54,22.38,106.2,Bako
1995,5,6.18,20.74,191.57999999999998,Bako
1995,6,11.61,19.41,348.29999999999995,Bako
1995,7,10.94,17.11,339.14,Bako
1995,8,12.21,17.35,378.51000000000005,Bako
1995,9,8.13,18.26,243.90000000000003,Bako
1995,10,1.15,18.56,35.65,Bako
1995,11,0.3,17.66,9.0,Bako
1995,12,1.92,18.48,59.519999999999996,Bako
1996,1,1.96,19.18,60.76,Bako
1996,2,0.5,21.17,14.5,Bako
1996,3,3.99,21.79,123.69000000000001,Bako
1996,4,3.8,21.07,114.0,Bako
1996,5,10.11,19.42,313.40999999999997,Bako
1996,6,14.77,17.85,443.09999999999997,Bako
1996,7,19.53,16.96,605.4300000000001,Bako
1996,8,15.61,17.24,483.90999999999997,Bako
1996,9,12.34,17.83,370.2,Bako
1996,10,2.37,18.11,73.47,Bako
1996,11,1.12,17.51,33.6,Bako
1996,12,0.28,17.51,8.680000000000001,Bako
1997,1,1.08,19.35,33.480000000000004,Bako
1997,2,0.07,20.88,1.9600000000000002,Bako
1997,3,1.86,22.55,57.660000000000004,Bako
1997,4,4.98,20.64,149.4,Bako
1997,5,8.28,19.76,256.68,Bako
1997,6,13.45,18.53,403.5,Bako
1997,7,7.91,17.43,245.21,Bako
1997,8,11.74,17.74,363.94,Bako
1997,9,7.79,18.84,233.7,Bako
1997,10,6.99,18.05,216.69,Bako
1997,11,2.37,18.43,71.10000000000001,Bako
1997,12,0.32,18.7,9.92,Bako
1998,1,0.83,19.43,25.73,Bako
1998,2,0.79,20.71,22.12,Bako
1998,3,1.15,22.63,35.65,Bako
1998,4,1.38,24.35,41.4,Bako
1998,5,5.99,21.2,185.69,Bako
1998,6,9.39,18.62,281.70000000000005,Bako
1998,7,15.56,17.05,482.36,Bako
1998,8,14.01,17.33,434.31,Bako
1998,9,10.34,17.65,310.2,Bako
1998,10,9.56,17.77,296.36,Bako
1998,11,1.4,17.09,42.0,Bako
1998,12,0.02,16.44,0.62,Bako
1999,1,0.99,18.52,30.69,Bako
1999,2,0.22,20.84,6.16,Bako
1999,3,0.16,22.92,4.96,Bako
1999,4,2.4,23.3,72.0,Bako
1999,5,9.28,19.45,287.68,Bako
1999,6,9.63,18.08,288.90000000000003,Bako
1999,7,9.12,16.27,282.71999999999997,Bako
1999,8,9.63,17.13,298.53000000000003,Bako
1999,9,7.73,17.71,231.9,Bako
1999,10,8.65,17.32,268.15000000000003,Bako
1999,11,0.12,16.59,3.5999999999999996,Bako
1999,12,0.26,17.34,8.06,Bako
2000,1,0.05,18.98,1.55,Bako
2000,2,0.02,21.23,0.58,Bako
2000,3,0.43,24.2,13.33,Bako
2000,4,3.57,21.02,107.1,Bako
2000,5,5.24,20.41,162.44,Bako
2000,6,7.15,18.08,214.5,Bako
2000,7,9.25,16.89,286.75,Bako
2000,8,8.25,17.27,255.75,Bako
2000,9,7.27,17.59,218.1,Bako
2000,10,3.53,17.95,109.42999999999999,Bako
2000,11,1.1,17.54,33.0,Bako
2000,12,0.33,17.74,10.23,Bako
2001,1,0.34,18.9,10.540000000000001,Bako
2001,2,0.61,21.49,17.08,Bako
2001,3,1.98,21.42,61.38,Bako
2001,4,1.01,23.49,30.3,Bako
2001,5,3.77,21.73,116.87,Bako
2001,6,5.57,18.23,167.10000000000002,Bako
2001,7,5.95,17.34,184.45000000000002,Bako
2001,8,7.27,17.44,225.36999999999998,Bako
2001,9,4.42,18.58,132.6,Bako
2001,10,1.74,19.09,53.94,Bako
2001,11,1.09,18.47,32.7,Bako
2001,12,0.06,20.57,1.8599999999999999,Bako
2002,1,1.13,20.11,35.029999999999994,Bako
2002,2,0.16,22.98,4.48,Bako
2002,3,2.57,22.53,79.67,Bako
2002,4,2.56,22.7,76.8,Bako
2002,5,1.79,23.42,55.49,Bako
2002,6,5.06,19.51,151.79999999999998,Bako
2002,7,4.25,18.73,131.75,Bako
2002,8,5.93,17.78,183.82999999999998,Bako
2002,9,5.32,18.57,159.60000000000002,Bako
2002,10,0.81,19.9,25.110000000000003,Bako
2002,11,0.19,20.67,5.7,Bako
2002,12,0.52,21.18,16.12,Bako
2003,1,0.2,21.81,6.2,Bako
2003,2,0.77,23.81,21.560000000000002,Bako
2003,3,2.08,23.13,64.48,Bako
2003,4,0.75,23.53,22.5,Bako
2003,5,1.18,25.36,36.58,Bako
2003,6,5.95,19.67,178.5,Bako
2003,7,5.05,17.43,156.54999999999998,Bako
2003,8,8.63,17.45,267.53000000000003,Bako
2003,9,6.36,18.24,190.8,Bako
2003,10,0.45,19.06,13.950000000000001,Bako
2003,11,0.64,19.45,19.2,Bako
2003,12,0.84,19.2,26.04,Bako
2004,1,0.16,21.86,4.96,Bako
2004,2,0.29,22.66,8.41,Bako
2004,3,0.32,24.35,9.92,Bako
2004,4,2.43,22.64,72.9,Bako
2004,5,2.66,23.26,82.46000000000001,Bako
2004,6,5.68,18.65,170.39999999999998,Bako
2004,7,7.04,17.53,218.24,Bako
2004,8,7.04,17.74,218.24,Bako
2004,9,6.59,18.19,197.7,Bako
2004,10,1.96,18.08,60.76,Bako
2004,11,0.99,18.46,29.7,Bako
2004,12,1.05,19.39,32.550000000000004,Bako
2005,1,0.66,19.83,20.46,Bako
2005,2,0.24,23.66,6.72,Bako
2005,3,2.55,22.7,79.05,Bako
2005,4,3.03,23.23,90.89999999999999,Bako
2005,5,5.29,20.8,163.99,Bako
2005,6,6.96,18.84,208.8,Bako
2005,7,8.77,17.2,271.87,Bako
2005,8,7.32,17.56,226.92000000000002,Bako
2005,9,6.5,18.1,195.0,Bako
2005,10,2.11,18.59,65.41,Bako
2005,11,0.44,17.58,13.2,Bako
2005,12,0.0,17.71,0.0,Bako
2006,1,0.32,20.87,9.92,Bako
2006,2,1.38,22.27,38.64,Bako
2006,3,2.44,22.27,75.64,Bako
2006,4,1.72,22.36,51.6,Bako
2006,5,6.13,21.07,190.03,Bako
2006,6,11.91,18.74,357.3,Bako
2006,7,14.55,17.52,451.05,Bako
2006,8,12.46,17.42,386.26000000000005,Bako
2006,9,10.04,18.06,301.2,Bako
2006,10,5.6,18.62,173.6,Bako
2006,11,1.16,17.66,34.8,Bako
2006,12,1.15,18.0,35.65,Bako
2007,1,0.75,18.99,23.25,Bako
2007,2,1.89,21.01,52.919999999999995,Bako
2007,3,2.04,22.35,63.24,Bako
2007,4,3.24,21.69,97.2,Bako
2007,5,7.7,21.15,238.70000000000002,Bako
2007,6,9.56,18.26,286.8,Bako
2007,7,14.71,17.13,456.01000000000005,Bako
2007,8,13.75,17.31,426.25,Bako
2007,9,9.65,17.98,289.5,Bako
2007,10,1.81,17.81,56.11,Bako
2007,11,0.69,17.26,20.7,Bako
2007,12,0.02,17.14,0.62,Bako
2008,1,0.78,19.58,24.18,Bako
2008,2,0.16,21.37,4.64,Bako
2008,3,0.44,23.38,13.64,Bako
2008,4,2.93,21.79,87.9,Bako
2008,5,8.37,20.23,259.46999999999997,Bako
2008,6,9.07,18.02,272.1,Bako
2008,7,13.4,17.1,415.40000000000003,Bako
2008,8,11.85,17.68,367.34999999999997,Bako
2008,9,8.24,18.57,247.20000000000002,Bako
2008,10,4.21,18.35,130.51,Bako
2008,11,3.25,16.93,97.5,Bako
2008,12,0.37,17.23,11.47,Bako
2009,1,1.27,18.39,39.37,Bako
2009,2,1.03,20.68,28.84,Bako
2009,3,1.91,22.4,59.21,Bako
2009,4,5.63,21.69,168.9,Bako
2009,5,3.71,21.95,115.01,Bako
2009,6,8.09,19.45,242.7,Bako
2009,7,9.96,17.45,308.76000000000005,Bako
2009,8,11.35,17.97,351.84999999999997,Bako
2009,9,10.33,18.96,309.9,Bako
2009,10,6.06,18.16,187.85999999999999,Bako
2009,11,0.28,17.6,8.4,Bako
2009,12,0.91,18.31,28.21,Bako
2010,1,0.25,19.5,7.75,Bako
2010,2,1.22,21.2,34.16,Bako
2010,3,1.07,22.47,33.17,Bako
2010,4,2.27,22.69,68.1,Bako
2010,5,11.49,20.18,356.19,Bako
2010,6,17.02,18.78,510.59999999999997,Bako
2010,7,12.99,17.34,402.69,Bako
2010,8,11.92,17.37,369.52,Bako
2010,9,14.29,18.08,428.7,Bako
2010,10,3.16,18.79,97.96000000000001,Bako
2010,11,1.89,17.5,56.699999999999996,Bako
2010,12,0.71,17.3,22.009999999999998,Bako
2011,1,0.62,18.95,19.22,Bako
2011,2,0.37,20.75,10.36,Bako
2011,3,1.18,21.93,36.58,Bako
2011,4,2.04,22.89,61.2,Bako
2011,5,8.46,20.79,262.26000000000005,Bako
2011,6,12.88,18.39,386.40000000000003,Bako
2011,7,6.53,17.77,202.43,Bako
2011,8,6.28,17.26,194.68,Bako
2011,9,7.08,17.73,212.4,Bako
2011,10,0.85,18.41,26.349999999999998,Bako
2011,11,2.15,17.85,64.5,Bako
2011,12,0.2,17.51,6.2,Bako
2012,1,0.06,19.81,1.8599999999999999,Bako
2012,2,0.01,21.82,0.29,Bako
2012,3,1.33,23.04,41.230000000000004,Bako
2012,4,2.81,22.47,84.3,Bako
2012,5,4.71,21.52,146.01,Bako
2012,6,7.28,18.66,218.4,Bako
2012,7,10.56,17.28,327.36,Bako
2012,8,13.43,17.3,416.33,Bako
2012,9,11.53,17.97,345.9,Bako
2012,10,1.01,18.28,31.31,Bako
2012,11,1.32,18.14,39.6,Bako
2012,12,0.57,18.32,17.669999999999998,Bako
2013,1,0.59,20.12,18.29,Bako
2013,2,0.52,22.1,14.56,Bako
2013,3,1.98,22.88,61.38,Bako
2013,4,2.34,22.89,70.19999999999999,Bako
2013,5,13.7,19.72,424.7,Bako
2013,6,14.66,18.01,439.8,Bako
2013,7,15.1,16.68,468.09999999999997,Bako
2013,8,11.9,17.15,368.90000000000003,Bako
2013,9,9.07,18.25,272.1,Bako
2013,10,4.72,18.2,146.32,Bako
2013,11,2.51,18.06,75.3,Bako
2013,12,0.04,17.06,1.24,Bako
2014,1,0.32,19.27,9.92,Bako
2014,2,0.42,20.84,11.76,Bako
2014,3,2.66,21.91,82.46000000000001,Bako
2014,4,6.66,20.72,199.8,Bako
2014,5,10.5,19.74,325.5,Bako
2014,6,12.32,18.95,369.6,Bako
2014,7,11.9,17.49,368.90000000000003,Bako
2014,8,11.88,17.3,368.28000000000003,Bako
2014,9,14.44,17.96,433.2,Bako
2014,10,8.57,18.56,265.67,Bako
2014,11,1.08,18.12,32.400000000000006,Bako
2014,12,1.28,17.31,39.68,Bako
2015,1,0.13,18.24,4.03,Bako
2015,2,0.55,21.3,15.400000000000002,Bako
2015,3,1.74,22.99,53.94,Bako
2015,4,0.81,23.54,24.3,Bako
2015,5,7.76,20.74,240.56,Bako
2015,6,11.52,19.04,345.59999999999997,Bako
2015,7,12.89,18.23,399.59000000000003,Bako
2015,8,13.49,18.06,418.19,Bako
2015,9,7.94,18.82,238.20000000000002,Bako
2015,10,1.63,19.33,50.529999999999994,Bako
2015,11,2.73,18.52,81.9,Bako
2015,12,1.76,18.45,54.56,Bako
2016,1,0.22,19.75,6.82,Bako
2016,2,0.9,22.0,26.1,Bako
2016,3,1.44,24.09,44.64,Bako
2016,4,3.05,22.43,91.5,Bako
2016,5,9.05,19.59,280.55,Bako
2016,6,6.79,18.86,203.7,Bako
2016,7,11.56,17.39,358.36,Bako
2016,8,19.59,17.5,607.29,Bako
2016,9,16.23,18.43,486.90000000000003,Bako
2016,10,2.44,18.85,75.64,Bako
2016,11,0.51,17.37,15.3,Bako
2016,12,0.14,17.36,4.340000000000001,Bako
2017,1,0.0,18.23,0.0,Bako
2017,2,2.85,21.26,79.8,Bako
2017,3,2.54,22.54,78.74,Bako
2017,4,3.58,23.12,107.4,Bako
2017,5,10.29,20.22,318.98999999999995,Bako
2017,6,9.65,19.31,289.5,Bako
2017,7,14.63,17.46,453.53000000000003,Bako
2017,8,11.21,17.77,347.51000000000005,Bako
2017,9,9.73,18.49,291.90000000000003,Bako
2017,10,2.96,19.07,91.76,Bako
2017,11,0.35,18.02,10.5,Bako
2017,12,0.05,16.88,1.55,Bako
2018,1,0.05,19.24,1.55,Bako
2018,2,2.11,21.38,59.08,Bako
2018,3,0.55,22.47,17.05,Bako
2018,4,1.78,22.68,53.4,Bako
2018,5,5.25,21.07,162.75,Bako
2018,6,8.49,17.94,254.70000000000002,Bako
2018,7,8.73,17.29,270.63,Bako
2018,8,9.7,17.55,300.7,Bako
2018,9,5.11,18.82,153.3,Bako
2018,10,2.46,18.78,76.26,Bako
2018,11,2.34,18.31,70.19999999999999,Bako
2018,12,0.23,19.01,7.13,Bako
2019,1,0.0,20.02,0.0,Bako
2019,2,0.91,22.82,25.48,Bako
2019,3,2.28,23.6,70.67999999999999,Bako
2019,4,7.32,21.65,219.60000000000002,Bako
2019,5,3.68,22.04,114.08,Bako
2019,6,9.62,18.78,288.59999999999997,Bako
2019,7,8.8,17.81,272.8,Bako
2019,8,13.06,17.64,404.86,Bako
2019,9,19.08,18.22,572.4,Bako
2019,10,3.26,18.71,101.05999999999999,Bako
2019,11,4.07,18.53,122.10000000000001,Bako
2019,12,0.21,18.43,6.51,Bako
2020,1,0.33,19.38,10.23,Bako
2020,2,0.73,21.88,21.169999999999998,Bako
2020,3,1.51,22.4,46.81,Bako
2020,4,3.45,22.89,103.5,Bako
2020,5,6.52,21.17,202.11999999999998,Bako
2020,6,14.39,18.51,431.70000000000005,Bako
2020,7,14.97,17.24,464.07,Bako
2020,8,10.61,17.45,328.90999999999997,Bako
2020,9,13.89,18.29,416.70000000000005,Bako
2020,10,3.51,18.47,108.80999999999999,Bako
2020,11,1.35,17.8,40.5,Bako
2020,12,0.51,17.8,15.81,Bako
2021,1,2.83,18.29,87.73,Bako
2021,2,1.0,20.25,28.0,Bako
2021,3,0.55,23.09,17.05,Bako
2021,4,5.6,21.85,168.0,Bako
2021,5,8.3,19.74,257.3,Bako
2021,6,8.01,19.32,240.29999999999998,Bako
2021,7,12.36,17.29,383.15999999999997,Bako
2021,8,13.77,17.89,426.87,Bako
2021,9,11.47,18.2,344.1,Bako
2021,10,6.14,18.47,190.34,Bako
2021,11,1.87,18.26,56.1,Bako
2021,12,0.55,18.26,17.05,Bako
2022,1,1.57,19.0,48.67,Bako
2022,2,0.74,21.38,20.72,Bako
2022,3,0.75,23.28,23.25,Bako
2022,4,3.7,22.71,111.0,Bako
2022,5,2.76,22.63,85.55999999999999,Bako
2022,6,7.45,18.81,223.5,Bako
2022,7,14.54,17.46,450.73999999999995,Bako
2022,8,7.3,17.36,226.29999999999998,Bako
2022,9,11.39,17.85,341.70000000000005,Bako
2022,10,3.06,18.59,94.86,Bako
2022,11,0.68,18.15,20.400000000000002,Bako
2022,12,1.12,17.78,34.720000000000006,Bako
2023,1,0.28,19.09,8.680000000000001,Bako
2023,2,0.41,21.14,11.479999999999999,Bako
2023,3,1.88,21.61,58.279999999999994,Bako
2023,4,5.33,21.59,159.9,Bako
2023,5,6.36,20.48,197.16,Bako
2023,6,14.49,19.14,434.7,Bako
2023,7,14.24,18.04,441.44,Bako
2023,8,12.54,18.55,388.73999999999995,Bako
2023,9,9.66,19.12,289.8,Bako
2023,10,4.44,19.56,137.64000000000001,Bako
2023,11,4.55,18.67,136.5,Bako
2023,12,0.21,18.34,6.51,Bako
2024,1,0.5,19.17,15.5,Bako
2024,2,2.43,21.04,70.47,Bako
2024,3,1.42,22.78,44.019999999999996,Bako
2024,4,2.04,23.4,61.2,Bako
2024,5,2.49,23.01,77.19000000000001,Bako
2024,6,10.7,20.03,321.0,Bako
2024,7,15.91,17.9,493.21,Bako
2024,8,9.38,17.76,290.78000000000003,Bako
2024,9,11.46,18.7,343.8,Bako
2024,10,3.7,19.13,114.7,Bako
2024,11,1.25,18.55,37.5,Bako
2024,12,0.15,17.51,4.6499999999999995,Bako
1991,1,0.06,26.59,1.8599999999999999,Assosa
1991,2,0.02,28.24,0.56,Assosa
1991,3,0.46,29.01,14.26,Assosa
1991,4,2.88,26.94,86.39999999999999,Assosa
1991,5,6.88,25.18,213.28,Assosa
1991,6,4.85,22.95,145.5,Assosa
1991,7,6.93,21.27,214.82999999999998,Assosa
1991,8,6.26,21.72,194.06,Assosa
1991,9,4.03,22.54,120.9,Assosa
1991,10,2.9,23.34,89.89999999999999,Assosa
1991,11,0.2,25.52,6.0,Assosa
1991,12,0.07,25.32,2.1700000000000004,Assosa
1992,1,0.06,25.16,1.8599999999999999,Assosa
1992,2,0.21,26.34,6.09,Assosa
1992,3,0.28,29.93,8.680000000000001,Assosa
1992,4,1.24,28.84,37.2,Assosa
1992,5,2.58,26.78,79.98,Assosa
1992,6,7.83,23.23,234.9,Assosa
1992,7,7.61,21.5,235.91,Assosa
1992,8,7.54,21.13,233.74,Assosa
1992,9,3.88,22.2,116.39999999999999,Assosa
1992,10,4.67,22.81,144.77,Assosa
1992,11,1.02,23.8,30.6,Assosa
1992,12,0.11,24.37,3.41,Assosa
1993,1,0.37,24.38,11.47,Assosa
1993,2,0.05,26.54,1.4000000000000001,Assosa
1993,3,0.84,28.95,26.04,Assosa
1993,4,2.9,27.73,87.0,Assosa
1993,5,6.76,25.86,209.56,Assosa
1993,6,9.1,22.06,273.0,Assosa
1993,7,13.81,21.28,428.11,Assosa
1993,8,12.56,21.29,389.36,Assosa
1993,9,9.61,21.9,288.29999999999995,Assosa
1993,10,4.3,22.96,133.29999999999998,Assosa
1993,11,1.06,23.55,31.8,Assosa
1993,12,0.02,23.76,0.62,Assosa
1994,1,0.05,25.59,1.55,Assosa
1994,2,0.42,26.71,11.76,Assosa
1994,3,0.53,28.73,16.43,Assosa
1994,4,2.09,28.47,62.699999999999996,Assosa
1994,5,5.91,24.86,183.21,Assosa
1994,6,5.63,23.08,168.9,Assosa
1994,7,11.47,21.06,355.57,Assosa
1994,8,10.98,21.3,340.38,Assosa
1994,9,7.66,22.34,229.8,Assosa
1994,10,4.11,23.09,127.41000000000001,Assosa
1994,11,0.76,23.07,22.8,Assosa
1994,12,0.03,23.64,0.9299999999999999,Assosa
1995,1,0.02,25.38,0.62,Assosa
1995,2,0.47,26.61,13.16,Assosa
1995,3,0.95,28.38,29.45,Assosa
1995,4,1.15,29.53,34.5,Assosa
1995,5,5.27,25.47,163.36999999999998,Assosa
1995,6,10.14,23.18,304.20000000000005,Assosa
1995,7,8.02,21.25,248.61999999999998,Assosa
1995,8,11.77,21.71,364.87,Assosa
1995,9,7.84,22.08,235.2,Assosa
1995,10,6.13,22.82,190.03,Assosa
1995,11,1.02,23.07,30.6,Assosa
1995,12,0.66,23.16,20.46,Assosa
1996,1,0.45,23.8,13.950000000000001,Assosa
1996,2,0.56,27.05,16.240000000000002,Assosa
1996,3,1.86,28.19,57.660000000000004,Assosa
1996,4,3.48,27.6,104.4,Assosa
1996,5,9.02,24.15,279.62,Assosa
1996,6,10.75,22.35,322.5,Assosa
1996,7,12.8,21.19,396.8,Assosa
1996,8,16.39,21.17,508.09000000000003,Assosa
1996,9,11.95,21.87,358.5,Assosa
1996,10,4.05,22.68,125.55,Assosa
1996,11,0.49,22.59,14.7,Assosa
1996,12,0.11,23.47,3.41,Assosa
1997,1,0.11,24.5,3.41,Assosa
1997,2,0.04,26.33,1.12,Assosa
1997,3,1.09,28.56,33.79,Assosa
1997,4,3.23,26.38,96.9,Assosa
1997,5,8.21,23.93,254.51000000000002,Assosa
1997,6,11.98,22.88,359.40000000000003,Assosa
1997,7,7.39,21.73,229.09,Assosa
1997,8,9.66,22.01,299.46,Assosa
1997,9,5.74,22.9,172.20000000000002,Assosa
1997,10,10.34,23.08,320.54,Assosa
1997,11,2.1,23.07,63.0,Assosa
1997,12,0.13,23.06,4.03,Assosa
1998,1,0.24,23.54,7.4399999999999995,Assosa
1998,2,0.1,25.21,2.8000000000000003,Assosa
1998,3,0.41,28.92,12.709999999999999,Assosa
1998,4,1.29,30.83,38.7,Assosa
1998,5,3.27,26.93,101.37,Assosa
1998,6,11.47,23.81,344.1,Assosa
1998,7,12.44,21.19,385.64,Assosa
1998,8,8.95,21.4,277.45,Assosa
1998,9,7.53,22.34,225.9,Assosa
1998,10,7.15,22.66,221.65,Assosa
1998,11,0.46,23.62,13.8,Assosa
1998,12,0.01,23.57,0.31,Assosa
1999,1,0.32,25.01,9.92,Assosa
1999,2,0.12,28.78,3.36,Assosa
1999,3,0.02,29.14,0.62,Assosa
1999,4,1.62,28.55,48.6,Assosa
1999,5,8.28,23.81,256.68,Assosa
1999,6,7.23,22.76,216.9,Assosa
1999,7,6.84,20.82,212.04,Assosa
1999,8,5.97,21.29,185.07,Assosa
1999,9,6.17,22.21,185.1,Assosa
1999,10,7.57,22.48,234.67000000000002,Assosa
1999,11,0.19,23.15,5.7,Assosa
1999,12,0.1,24.28,3.1,Assosa
2000,1,0.05,25.7,1.55,Assosa
2000,2,0.22,27.99,6.38,Assosa
2000,3,0.3,29.96,9.299999999999999,Assosa
2000,4,1.41,27.93,42.3,Assosa
2000,5,4.86,25.53,150.66,Assosa
2000,6,4.42,24.34,132.6,Assosa
2000,7,8.94,21.79,277.14,Assosa
2000,8,6.64,21.71,205.84,Assosa
2000,9,3.51,22.51,105.3,Assosa
2000,10,3.05,22.89,94.55,Assosa
2000,11,0.42,24.6,12.6,Assosa
2000,12,0.02,25.28,0.62,Assosa
2001,1,0.03,25.44,0.9299999999999999,Assosa
2001,2,0.03,28.24,0.84,Assosa
2001,3,0.08,29.79,2.48,Assosa
2001,4,1.31,29.33,39.300000000000004,Assosa
2001,5,6.41,27.51,198.71,Assosa
2001,6,13.29,23.13,398.7,Assosa
2001,7,5.69,22.16,176.39000000000001,Assosa
2001,8,7.25,21.97,224.75,Assosa
2001,9,4.39,22.7,131.7,Assosa
2001,10,6.28,23.28,194.68,Assosa
2001,11,1.24,24.2,37.2,Assosa
2001,12,0.07,24.81,2.1700000000000004,Assosa
2002,1,0.05,24.34,1.55,Assosa
2002,2,0.07,28.58,1.9600000000000002,Assosa
2002,3,0.62,29.36,19.22,Assosa
2002,4,1.2,29.73,36.0,Assosa
2002,5,2.04,29.35,63.24,Assosa
2002,6,4.58,24.85,137.4,Assosa
2002,7,4.35,24.49,134.85,Assosa
2002,8,4.18,23.64,129.57999999999998,Assosa
2002,9,3.34,24.54,100.19999999999999,Assosa
2002,10,4.53,24.65,140.43,Assosa
2002,11,0.68,26.23,20.400000000000002,Assosa
2002,12,0.04,25.22,1.24,Assosa
2003,1,0.0,27.01,0.0,Assosa
2003,2,0.06,29.59,1.68,Assosa
2003,3,0.08,30.62,2.48,Assosa
2003,4,0.54,30.44,16.200000000000003,Assosa
2003,5,2.0,28.93,62.0,Assosa
2003,6,2.29,24.48,68.7,Assosa
2003,7,4.03,23.1,124.93,Assosa
2003,8,4.37,22.67,135.47,Assosa
2003,9,3.02,23.8,90.6,Assosa
2003,10,1.94,26.23,60.14,Assosa
2003,11,0.71,26.73,21.299999999999997,Assosa
2003,12,0.08,26.77,2.48,Assosa
2004,1,0.02,27.44,0.62,Assosa
2004,2,0.09,28.22,2.61,Assosa
2004,3,0.17,30.08,5.2700000000000005,Assosa
2004,4,2.19,28.11,65.7,Assosa
2004,5,1.34,28.07,41.54,Assosa
2004,6,3.05,24.3,91.5,Assosa
2004,7,3.46,23.62,107.26,Assosa
2004,8,6.05,22.84,187.54999999999998,Assosa
2004,9,3.52,23.32,105.6,Assosa
2004,10,2.22,24.78,68.82000000000001,Assosa
2004,11,0.33,26.79,9.9,Assosa
2004,12,0.05,27.05,1.55,Assosa
2005,1,0.01,26.21,0.31,Assosa
2005,2,0.0,30.28,0.0,Assosa
2005,3,0.22,30.17,6.82,Assosa
2005,4,0.62,31.0,18.6,Assosa
2005,5,2.13,27.62,66.03,Assosa
2005,6,2.64,24.49,79.2,Assosa
2005,7,6.46,22.54,200.26,Assosa
2005,8,4.72,22.8,146.32,Assosa
2005,9,4.06,23.1,121.79999999999998,Assosa
2005,10,2.03,24.87,62.92999999999999,Assosa
2005,11,0.24,26.6,7.199999999999999,Assosa
2005,12,0.0,27.65,0.0,Assosa
2006,1,0.04,28.47,1.24,Assosa
2006,2,0.07,29.59,1.9600000000000002,Assosa
2006,3,0.32,29.72,9.92,Assosa
2006,4,0.43,29.9,12.9,Assosa
2006,5,3.79,25.56,117.49,Assosa
2006,6,3.76,25.11,112.8,Assosa
2006,7,7.1,23.03,220.1,Assosa
2006,8,4.23,21.97,131.13000000000002,Assosa
2006,9,4.28,22.8,128.4,Assosa
2006,10,5.05,24.46,156.54999999999998,Assosa
2006,11,0.57,24.6,17.099999999999998,Assosa
2006,12,0.24,24.61,7.4399999999999995,Assosa
2007,1,0.06,25.98,1.8599999999999999,Assosa
2007,2,0.17,28.22,4.760000000000001,Assosa
2007,3,0.32,30.16,9.92,Assosa
2007,4,1.42,29.34,42.599999999999994,Assosa
2007,5,3.58,26.65,110.98,Assosa
2007,6,3.88,23.74,116.39999999999999,Assosa
2007,7,7.68,22.07,238.07999999999998,Assosa
2007,8,6.11,21.55,189.41,Assosa
2007,9,4.58,22.27,137.4,Assosa
2007,10,2.42,23.53,75.02,Assosa
2007,11,0.95,25.48,28.5,Assosa
2007,12,0.06,25.96,1.8599999999999999,Assosa
2008,1,0.24,26.9,7.4399999999999995,Assosa
2008,2,0.02,28.15,0.58,Assosa
2008,3,0.22,30.28,6.82,Assosa
2008,4,2.1,26.88,63.0,Assosa
2008,5,3.11,25.67,96.41,Assosa
2008,6,5.3,23.78,159.0,Assosa
2008,7,3.65,22.22,113.14999999999999,Assosa
2008,8,3.71,22.55,115.01,Assosa
2008,9,3.25,23.54,97.5,Assosa
2008,10,2.98,24.51,92.38,Assosa
2008,11,0.63,26.13,18.9,Assosa
2008,12,0.09,27.24,2.79,Assosa
2009,1,0.04,27.95,1.24,Assosa
2009,2,0.23,29.55,6.44,Assosa
2009,3,0.38,30.06,11.78,Assosa
2009,4,2.01,27.61,60.3,Assosa
2009,5,1.28,27.45,39.68,Assosa
2009,6,4.78,24.47,143.4,Assosa
2009,7,4.02,23.26,124.61999999999999,Assosa
2009,8,3.65,23.32,113.14999999999999,Assosa
2009,9,4.2,24.17,126.0,Assosa
2009,10,3.21,25.28,99.51,Assosa
2009,11,0.27,26.51,8.100000000000001,Assosa
2009,12,0.06,26.88,1.8599999999999999,Assosa
2010,1,0.03,27.74,0.9299999999999999,Assosa
2010,2,0.03,29.31,0.84,Assosa
2010,3,0.11,29.64,3.41,Assosa
2010,4,0.62,30.74,18.6,Assosa
2010,5,3.12,25.95,96.72,Assosa
2010,6,4.88,24.04,146.4,Assosa
2010,7,3.79,22.48,117.49,Assosa
2010,8,3.88,22.54,120.28,Assosa
2010,9,4.48,22.7,134.4,Assosa
2010,10,3.09,24.63,95.78999999999999,Assosa
2010,11,0.65,26.09,19.5,Assosa
2010,12,0.12,26.36,3.7199999999999998,Assosa
2011,1,0.24,26.51,7.4399999999999995,Assosa
2011,2,0.01,28.93,0.28,Assosa
2011,3,0.3,29.61,9.299999999999999,Assosa
2011,4,0.98,30.13,29.4,Assosa
2011,5,3.79,26.65,117.49,Assosa
2011,6,3.52,23.96,105.6,Assosa
2011,7,2.29,23.53,70.99,Assosa
2011,8,3.4,22.7,105.39999999999999,Assosa
2011,9,3.16,23.23,94.80000000000001,Assosa
2011,10,2.22,25.05,68.82000000000001,Assosa
2011,11,0.36,25.62,10.799999999999999,Assosa
2011,12,0.05,26.6,1.55,Assosa
2012,1,0.02,26.82,0.62,Assosa
2012,2,0.0,29.18,0.0,Assosa
2012,3,0.24,29.73,7.4399999999999995,Assosa
2012,4,0.48,29.37,14.399999999999999,Assosa
2012,5,3.12,25.48,96.72,Assosa
2012,6,2.38,24.23,71.39999999999999,Assosa
2012,7,3.86,22.31,119.66,Assosa
2012,8,5.88,21.95,182.28,Assosa
2012,9,6.71,22.02,201.3,Assosa
2012,10,2.14,24.22,66.34,Assosa
2012,11,0.86,25.66,25.8,Assosa
2012,12,0.1,26.22,3.1,Assosa
2013,1,0.03,27.87,0.9299999999999999,Assosa
2013,2,0.05,29.35,1.4000000000000001,Assosa
2013,3,0.25,30.4,7.75,Assosa
2013,4,0.38,29.51,11.4,Assosa
2013,5,6.37,24.87,197.47,Assosa
2013,6,5.18,23.15,155.39999999999998,Assosa
2013,7,4.67,21.53,144.77,Assosa
2013,8,5.32,21.43,164.92000000000002,Assosa
2013,9,4.73,22.37,141.9,Assosa
2013,10,2.66,23.7,82.46000000000001,Assosa
2013,11,0.97,24.99,29.099999999999998,Assosa
2013,12,0.05,25.23,1.55,Assosa
2014,1,0.02,27.23,0.62,Assosa
2014,2,0.16,27.75,4.48,Assosa
2014,3,0.66,28.47,20.46,Assosa
2014,4,4.07,26.27,122.10000000000001,Assosa
2014,5,5.67,24.65,175.77,Assosa
2014,6,5.25,23.43,157.5,Assosa
2014,7,8.91,21.84,276.21,Assosa
2014,8,7.58,21.47,234.98,Assosa
2014,9,9.86,21.88,295.79999999999995,Assosa
2014,10,9.15,22.76,283.65000000000003,Assosa
2014,11,0.79,22.99,23.700000000000003,Assosa
2014,12,0.46,23.03,14.26,Assosa
2015,1,0.07,23.48,2.1700000000000004,Assosa
2015,2,0.0,27.3,0.0,Assosa
2015,3,0.85,29.91,26.349999999999998,Assosa
2015,4,0.15,29.16,4.5,Assosa
2015,5,8.55,24.95,265.05,Assosa
2015,6,8.83,22.92,264.9,Assosa
2015,7,6.84,22.48,212.04,Assosa
2015,8,10.89,22.41,337.59000000000003,Assosa
2015,9,7.32,23.15,219.60000000000002,Assosa
2015,10,10.52,23.58,326.12,Assosa
2015,11,1.73,23.23,51.9,Assosa
2015,12,1.6,21.84,49.6,Assosa
2016,1,0.0,23.22,0.0,Assosa
2016,2,0.0,26.8,0.0,Assosa
2016,3,0.81,30.58,25.110000000000003,Assosa
2016,4,1.7,29.61,51.0,Assosa
2016,5,13.0,24.13,403.0,Assosa
2016,6,6.93,22.58,207.89999999999998,Assosa
2016,7,13.07,21.39,405.17,Assosa
2016,8,10.69,21.83,331.39,Assosa
2016,9,14.42,22.42,432.6,Assosa
2016,10,11.49,23.3,356.19,Assosa
2016,11,0.03,22.97,0.8999999999999999,Assosa
2016,12,0.01,22.98,0.31,Assosa
2017,1,0.0,24.5,0.0,Assosa
2017,2,0.32,26.68,8.96,Assosa
2017,3,0.06,29.78,1.8599999999999999,Assosa
2017,4,1.65,29.18,49.5,Assosa
2017,5,4.77,25.58,147.86999999999998,Assosa
2017,6,12.01,23.35,360.3,Assosa
2017,7,11.57,21.64,358.67,Assosa
2017,8,9.16,21.67,283.96,Assosa
2017,9,6.73,22.15,201.9,Assosa
2017,10,7.19,23.31,222.89000000000001,Assosa
2017,11,0.96,22.87,28.799999999999997,Assosa
2017,12,0.16,23.49,4.96,Assosa
2018,1,0.0,23.47,0.0,Assosa
2018,2,0.05,28.2,1.4000000000000001,Assosa
2018,3,0.97,28.7,30.07,Assosa
2018,4,0.37,28.6,11.1,Assosa
2018,5,7.6,25.46,235.6,Assosa
2018,6,5.33,22.89,159.9,Assosa
2018,7,7.46,21.77,231.26,Assosa
2018,8,6.66,21.97,206.46,Assosa
2018,9,4.12,23.17,123.60000000000001,Assosa
2018,10,7.73,23.35,239.63000000000002,Assosa
2018,11,0.68,23.81,20.400000000000002,Assosa
2018,12,0.18,24.58,5.58,Assosa
2019,1,0.0,26.43,0.0,Assosa
2019,2,0.06,29.0,1.68,Assosa
2019,3,0.05,30.29,1.55,Assosa
2019,4,0.76,30.29,22.8,Assosa
2019,5,3.35,27.36,103.85000000000001,Assosa
2019,6,9.95,22.98,298.5,Assosa
2019,7,9.11,22.02,282.40999999999997,Assosa
2019,8,6.66,21.81,206.46,Assosa
2019,9,16.09,22.29,482.7,Assosa
2019,10,6.44,22.93,199.64000000000001,Assosa
2019,11,1.81,22.91,54.300000000000004,Assosa
2019,12,0.85,22.46,26.349999999999998,Assosa
2020,1,0.01,23.01,0.31,Assosa
2020,2,0.02,26.36,0.58,Assosa
2020,3,0.46,29.4,14.26,Assosa
2020,4,2.62,28.97,78.60000000000001,Assosa
2020,5,10.01,24.92,310.31,Assosa
2020,6,10.32,22.72,309.6,Assosa
2020,7,12.59,21.23,390.29,Assosa
2020,8,10.35,21.4,320.84999999999997,Assosa
2020,9,9.97,22.23,299.1,Assosa
2020,10,11.19,23.22,346.89,Assosa
2020,11,0.66,22.6,19.8,Assosa
2020,12,0.58,22.98,17.98,Assosa
2021,1,0.21,24.64,6.51,Assosa
2021,2,0.0,25.83,0.0,Assosa
2021,3,0.11,30.0,3.41,Assosa
2021,4,2.51,29.36,75.3,Assosa
2021,5,8.31,25.31,257.61,Assosa
2021,6,12.61,23.27,378.29999999999995,Assosa
2021,7,11.9,21.37,368.90000000000003,Assosa
2021,8,8.91,21.9,276.21,Assosa
2021,9,12.63,22.17,378.90000000000003,Assosa
2021,10,7.56,23.09,234.35999999999999,Assosa
2021,11,4.32,23.31,129.60000000000002,Assosa
2021,12,0.47,22.99,14.569999999999999,Assosa
2022,1,0.96,23.99,29.759999999999998,Assosa
2022,2,0.02,25.56,0.56,Assosa
2022,3,0.09,30.05,2.79,Assosa
2022,4,2.52,28.96,75.6,Assosa
2022,5,4.98,26.02,154.38000000000002,Assosa
2022,6,11.66,22.62,349.8,Assosa
2022,7,10.99,21.41,340.69,Assosa
2022,8,8.38,21.32,259.78000000000003,Assosa
2022,9,9.27,21.87,278.09999999999997,Assosa
2022,10,7.04,22.79,218.24,Assosa
2022,11,0.07,22.85,2.1,Assosa
2022,12,0.2,22.77,6.2,Assosa
2023,1,0.18,24.36,5.58,Assosa
2023,2,0.0,27.14,0.0,Assosa
2023,3,0.01,29.04,0.31,Assosa
2023,4,2.9,28.65,87.0,Assosa
2023,5,4.26,27.45,132.06,Assosa
2023,6,12.07,23.32,362.1,Assosa
2023,7,14.84,22.46,460.04,Assosa
2023,8,10.52,22.59,326.12,Assosa
2023,9,7.7,23.08,231.0,Assosa
2023,10,12.01,23.54,372.31,Assosa
2023,11,4.67,23.36,140.1,Assosa
2023,12,0.0,22.55,0.0,Assosa
2024,1,0.08,23.13,2.48,Assosa
2024,2,0.22,26.15,6.38,Assosa
2024,3,0.44,29.39,13.64,Assosa
2024,4,1.96,29.75,58.8,Assosa
2024,5,4.06,28.33,125.85999999999999,Assosa
2024,6,7.89,24.09,236.7,Assosa
2024,7,14.2,22.5,440.2,Assosa
2024,8,6.74,22.0,208.94,Assosa
2024,9,6.55,23.25,196.5,Assosa
2024,10,9.47,23.14,293.57,Assosa
2024,11,1.33,23.18,39.900000000000006,Assosa
2024,12,0.05,22.78,1.55,Assosa
