year,site,rep,col,row,plot,gen,entry_number,yield,env
2018,Assosa,R1,1,4,4,100077,4,277.98,Assosa 2018
2018,Assosa,R2,9,2,58,100077,4,219.13,Assosa 2018
2018,Assosa,R1,1,1,1,100094,1,862.25,Assosa 2018
2018,Assosa,R2,8,6,51,100094,1,706.5,Assosa 2018
2018,Assosa,R1,7,3,45,203252,45,486.88,Assosa 2018
2018,Assosa,R2,9,6,62,203252,45,485.65,Assosa 2018
2018,Assosa,R1,2,5,10,203263,10,918.65,Assosa 2018
2018,Assosa,R2,10,7,64,203263,10,856.53,Assosa 2018
2018,Assosa,R1,6,4,39,203264,39,634.1,Assosa 2018
2018,Assosa,R2,11,6,76,203264,39,424.35,Assosa 2018
2018,Assosa,R1,5,4,32,203266,32,737.73,Assosa 2018
2018,Assosa,R2,10,3,68,203266,32,791.0,Assosa 2018
2018,Assosa,R1,4,6,23,203273,23,716.43,Assosa 2018
2018,Assosa,R2,11,4,74,203273,23,582.78,Assosa 2018
2018,Assosa,R1,3,7,21,203279,21,773.55,Assosa 2018
2018,Assosa,R2,13,4,88,203279,21,595.23,Assosa 2018
2018,Assosa,R1,2,2,13,203325,13,1137.45,Assosa 2018
2018,Assosa,R2,14,6,93,203325,13,778.35,Assosa 2018
2018,Assosa,R1,6,6,37,203335,37,693.15,Assosa 2018
2018,Assosa,R2,12,5,80,203335,37,622.9,Assosa 2018
2018,Assosa,R1,6,7,36,203343,36,404.13,Assosa 2018
2018,Assosa,R2,14,5,94,203343,36,636.68,Assosa 2018
2018,Assosa,R1,4,2,27,203347,27,1044.85,Assosa 2018
2018,Assosa,R2,13,2,86,203347,27,890.03,Assosa 2018
2018,Assosa,R1,1,5,5,203356,5,895.7,Assosa 2018
2018,Assosa,R2,9,7,63,203356,5,708.75,Assosa 2018
2018,Assosa,R1,1,7,7,203364,7,847.93,Assosa 2018
2018,Assosa,R2,13,3,87,203364,7,889.9,Assosa 2018
2018,Assosa,R1,3,5,19,203371,19,526.4,Assosa 2018
2018,Assosa,R2,8,1,56,203371,19,336.93,Assosa 2018
2018,Assosa,R1,5,5,33,203429,33,658.33,Assosa 2018
2018,Assosa,R2,12,2,83,203429,33,629.75,Assosa 2018
2018,Assosa,R1,4,5,24,203439,24,828.83,Assosa 2018
2018,Assosa,R2,10,4,67,203439,24,1023.48,Assosa 2018
2018,Assosa,R1,4,4,25,203449,25,368.95,Assosa 2018
2018,Assosa,R2,10,6,65,203449,25,345.7,Assosa 2018
2018,Assosa,R1,4,7,22,203496,22,891.05,Assosa 2018
2018,Assosa,R2,12,7,78,203496,22,796.43,Assosa 2018
2018,Assosa,R1,6,5,38,208440,38,194.03,Assosa 2018
2018,Assosa,R2,14,3,96,208440,38,153.75,Assosa 2018
2018,Assosa,R1,3,3,17,208725,17,402.65,Assosa 2018
2018,Assosa,R2,8,7,50,208725,17,315.75,Assosa 2018
2018,Assosa,R1,1,2,2,213033,2,137.85,Assosa 2018
2018,Assosa,R2,11,2,72,213033,2,85.63,Assosa 2018
2018,Assosa,R1,1,6,6,213034,6,169.18,Assosa 2018
2018,Assosa,R2,10,2,69,213034,6,189.68,Assosa 2018
2018,Assosa,R1,2,7,8,214997,8,213.05,Assosa 2018
2018,Assosa,R2,9,5,61,214997,8,129.88,Assosa 2018
2018,Assosa,R1,2,6,9,215826,9,288.0,Assosa 2018
2018,Assosa,R2,12,6,79,215826,9,160.25,Assosa 2018
2018,Assosa,R1,2,4,11,215840,11,182.1,Assosa 2018
2018,Assosa,R2,12,3,82,215840,11,124.93,Assosa 2018
2018,Assosa,R1,2,1,14,215969,14,271.78,Assosa 2018
2018,Assosa,R2,13,7,91,215969,14,180.93,Assosa 2018
2018,Assosa,R1,3,1,15,229718,15,222.8,Assosa 2018
2018,Assosa,R2,13,1,85,229718,15,180.9,Assosa 2018
2018,Assosa,R1,6,2,41,229734,41,120.75,Assosa 2018
2018,Assosa,R2,13,6,90,229734,41,151.2,Assosa 2018
2018,Assosa,R1,6,1,42,229735,42,120.1,Assosa 2018
2018,Assosa,R2,11,5,75,229735,42,86.15,Assosa 2018
2018,Assosa,R1,7,1,43,230098,43,427.2,Assosa 2018
2018,Assosa,R2,10,5,66,230098,43,248.88,Assosa 2018
2018,Assosa,R1,7,2,44,230099,44,217.83,Assosa 2018
2018,Assosa,R2,8,2,55,230099,44,182.75,Assosa 2018
2018,Assosa,R1,7,4,46,230102,46,545.05,Assosa 2018
2018,Assosa,R2,11,1,71,230102,46,450.28,Assosa 2018
2018,Assosa,R1,7,5,47,230104,47,369.58,Assosa 2018
2018,Assosa,R2,14,1,98,230104,47,322.5,Assosa 2018
2018,Assosa,R1,7,6,48,230107,48,434.85,Assosa 2018
2018,Assosa,R2,13,5,89,230107,48,411.23,Assosa 2018
2018,Assosa,R1,3,6,20,230559,20,318.73,Assosa 2018
2018,Assosa,R2,9,4,60,230559,20,394.33,Assosa 2018
2018,Assosa,R1,4,3,26,230706,26,299.08,Assosa 2018
2018,Assosa,R2,14,4,95,230706,26,297.03,Assosa 2018
2018,Assosa,R1,4,1,28,230721,28,277.73,Assosa 2018
2018,Assosa,R2,8,4,53,230721,28,480.55,Assosa 2018
2018,Assosa,R1,5,2,30,230976,30,259.7,Assosa 2018
2018,Assosa,R2,9,1,57,230976,30,243.2,Assosa 2018
2018,Assosa,R1,5,3,31,230984,31,525.55,Assosa 2018
2018,Assosa,R2,8,3,54,230984,31,370.4,Assosa 2018
2018,Assosa,R1,5,6,34,243629,34,260.38,Assosa 2018
2018,Assosa,R2,9,3,59,243629,34,341.63,Assosa 2018
2018,Assosa,R1,6,3,40,245090,40,160.83,Assosa 2018
2018,Assosa,R2,11,3,73,245090,40,110.58,Assosa 2018
2018,Assosa,R1,1,3,3,Addis-01,3,1003.23,Assosa 2018
2018,Assosa,R1,3,2,16,Addis-01,16,947.55,Assosa 2018
2018,Assosa,R1,7,7,49,Addis-01,49,685.48,Assosa 2018
2018,Assosa,R2,10,1,70,Addis-01,3,612.85,Assosa 2018
2018,Assosa,R2,11,7,77,Addis-01,16,1023.5,Assosa 2018
2018,Assosa,R2,14,7,92,Addis-01,49,1202.65,Assosa 2018
2018,Assosa,R1,2,3,12,Boneya,12,1027.33,Assosa 2018
2018,Assosa,R1,3,4,18,Boneya,18,799.4,Assosa 2018
2018,Assosa,R1,5,1,29,Boneya,29,798.7,Assosa 2018
2018,Assosa,R2,8,5,52,Boneya,18,718.23,Assosa 2018
2018,Assosa,R2,12,4,81,Boneya,12,922.15,Assosa 2018
2018,Assosa,R2,14,2,97,Boneya,29,1104.23,Assosa 2018
2018,Assosa,R1,5,7,35,Local,35,279.45,Assosa 2018
2018,Assosa,R2,12,1,84,Local,35,304.43,Assosa 2018
2019,Assosa,R1,1,8,8,100077,8,599.25,Assosa 2019
2019,Assosa,R2,2,16,27,100077,8,1194.25,Assosa 2019
2019,Assosa,R3,3,1,43,100077,8,311.75,Assosa 2019
2019,Assosa,R1,1,10,10,100094,10,1607.25,Assosa 2019
2019,Assosa,R2,2,9,34,100094,10,1959.25,Assosa 2019
2019,Assosa,R3,3,3,45,100094,10,2032.25,Assosa 2019
2019,Assosa,R1,1,4,4,203252,4,1389.75,Assosa 2019
2019,Assosa,R2,2,6,37,203252,4,777.25,Assosa 2019
2019,Assosa,R3,3,15,57,203252,4,1516.5,Assosa 2019
2019,Assosa,R1,1,9,9,203263,9,1900.5,Assosa 2019
2019,Assosa,R2,2,18,25,203263,9,2758.75,Assosa 2019
2019,Assosa,R3,3,12,54,203263,9,1322.75,Assosa 2019
2019,Assosa,R1,1,16,16,203264,16,1723.75,Assosa 2019
2019,Assosa,R2,2,8,35,203264,16,2027.25,Assosa 2019
2019,Assosa,R3,3,20,62,203264,16,1760.5,Assosa 2019
2019,Assosa,R1,1,19,19,203266,19,1662.25,Assosa 2019
2019,Assosa,R2,2,4,39,203266,19,760.5,Assosa 2019
2019,Assosa,R3,3,2,44,203266,19,1288.0,Assosa 2019
2019,Assosa,R1,1,14,14,203279,14,1086.0,Assosa 2019
2019,Assosa,R2,2,10,33,203279,14,2203.25,Assosa 2019
2019,Assosa,R3,3,13,55,203279,14,2882.5,Assosa 2019
2019,Assosa,R1,1,20,20,203325,20,3291.25,Assosa 2019
2019,Assosa,R2,2,3,40,203325,20,922.25,Assosa 2019
2019,Assosa,R3,3,6,48,203325,20,1380.5,Assosa 2019
2019,Assosa,R1,1,5,5,203335,5,1428.25,Assosa 2019
2019,Assosa,R2,2,7,36,203335,5,1397.25,Assosa 2019
2019,Assosa,R3,3,11,53,203335,5,1263.0,Assosa 2019
2019,Assosa,R1,1,7,7,203347,7,2959.25,Assosa 2019
2019,Assosa,R2,2,21,22,203347,7,3616.25,Assosa 2019
2019,Assosa,R3,3,5,47,203347,7,1661.75,Assosa 2019
2019,Assosa,R1,1,18,18,203356,18,2120.5,Assosa 2019
2019,Assosa,R2,2,2,41,203356,18,889.75,Assosa 2019
2019,Assosa,R3,3,8,50,203356,18,1067.0,Assosa 2019
2019,Assosa,R1,1,1,1,203364,1,1522.25,Assosa 2019
2019,Assosa,R2,2,11,32,203364,1,2443.5,Assosa 2019
2019,Assosa,R3,3,4,46,203364,1,1365.25,Assosa 2019
2019,Assosa,R1,1,13,13,203371,13,1125.0,Assosa 2019
2019,Assosa,R2,2,14,29,203371,13,979.75,Assosa 2019
2019,Assosa,R3,3,19,61,203371,13,374.75,Assosa 2019
2019,Assosa,R1,1,2,2,203429,2,1317.25,Assosa 2019
2019,Assosa,R2,2,13,30,203429,2,595.0,Assosa 2019
2019,Assosa,R3,3,9,51,203429,2,447.5,Assosa 2019
2019,Assosa,R1,1,6,6,203439,6,2483.0,Assosa 2019
2019,Assosa,R2,2,20,23,203439,6,2299.0,Assosa 2019
2019,Assosa,R3,3,16,58,203439,6,1969.0,Assosa 2019
2019,Assosa,R1,1,21,21,203449,21,1126.75,Assosa 2019
2019,Assosa,R2,2,17,26,203449,21,1420.75,Assosa 2019
2019,Assosa,R3,3,18,60,203449,21,954.75,Assosa 2019
2019,Assosa,R1,1,15,15,203496,15,2220.5,Assosa 2019
2019,Assosa,R2,2,15,28,203496,15,1998.25,Assosa 2019
2019,Assosa,R3,3,17,59,203496,15,2264.0,Assosa 2019
2019,Assosa,R1,1,12,12,230104,12,492.25,Assosa 2019
2019,Assosa,R2,2,5,38,230104,12,1197.25,Assosa 2019
2019,Assosa,R3,3,21,63,230104,12,597.0,Assosa 2019
2019,Assosa,R1,1,11,11,230706,11,720.0,Assosa 2019
2019,Assosa,R2,2,19,24,230706,11,1023.5,Assosa 2019
2019,Assosa,R3,3,7,49,230706,11,919.75,Assosa 2019
2019,Assosa,R1,1,17,17,Bako-09,17,3144.0,Assosa 2019
2019,Assosa,R2,2,1,42,Bako-09,17,3496.5,Assosa 2019
2019,Assosa,R3,3,14,56,Bako-09,17,559.0,Assosa 2019
2019,Assosa,R1,1,3,3,Local,3,369.75,Assosa 2019
2019,Assosa,R2,2,12,31,Local,3,2051.0,Assosa 2019
2019,Assosa,R3,3,10,52,Local,3,1846.5,Assosa 2019
2020,Assosa,R1,10,1,10,100094,11,1681.25,Assosa 2020
2020,Assosa,R2,7,2,20,100094,11,1706.5,Assosa 2020
2020,Assosa,R3,13,3,39,100094,11,1395.5,Assosa 2020
2020,Assosa,R1,1,1,1,203263,5,1434.25,Assosa 2020
2020,Assosa,R2,2,2,25,203263,5,961.25,Assosa 2020
2020,Assosa,R3,11,3,37,203263,5,1208.75,Assosa 2020
2020,Assosa,R1,9,1,9,203264,12,1031.25,Assosa 2020
2020,Assosa,R2,4,2,23,203264,12,1706.25,Assosa 2020
2020,Assosa,R3,4,3,30,203264,12,1249.5,Assosa 2020
2020,Assosa,R1,2,1,2,203279,4,1254.0,Assosa 2020
2020,Assosa,R2,11,2,16,203279,4,964.0,Assosa 2020
2020,Assosa,R3,1,3,27,203279,4,448.5,Assosa 2020
2020,Assosa,R1,11,1,11,203325,3,1221.25,Assosa 2020
2020,Assosa,R2,10,2,17,203325,3,1514.0,Assosa 2020
2020,Assosa,R3,3,3,29,203325,3,1621.25,Assosa 2020
2020,Assosa,R1,7,1,7,203347,1,1687.0,Assosa 2020
2020,Assosa,R2,3,2,24,203347,1,1406.5,Assosa 2020
2020,Assosa,R3,2,3,28,203347,1,1934.5,Assosa 2020
2020,Assosa,R1,12,1,12,203356,10,1856.5,Assosa 2020
2020,Assosa,R2,6,2,21,203356,10,1276.25,Assosa 2020
2020,Assosa,R3,9,3,35,203356,10,1102.0,Assosa 2020
2020,Assosa,R1,8,1,8,203364,6,1454.0,Assosa 2020
2020,Assosa,R2,12,2,15,203364,6,2044.5,Assosa 2020
2020,Assosa,R3,7,3,33,203364,6,1591.25,Assosa 2020
2020,Assosa,R1,4,1,4,203439,8,1654.25,Assosa 2020
2020,Assosa,R2,13,2,14,203439,8,2470.5,Assosa 2020
2020,Assosa,R3,10,3,36,203439,8,1399.0,Assosa 2020
2020,Assosa,R1,6,1,6,203449,7,931.5,Assosa 2020
2020,Assosa,R2,8,2,19,203449,7,749.0,Assosa 2020
2020,Assosa,R3,5,3,31,203449,7,484.0,Assosa 2020
2020,Assosa,R1,3,1,3,203496,9,2317.0,Assosa 2020
2020,Assosa,R2,9,2,18,203496,9,1959.0,Assosa 2020
2020,Assosa,R3,6,3,32,203496,9,1561.5,Assosa 2020
2020,Assosa,R1,5,1,5,Bako-09,2,1919.5,Assosa 2020
2020,Assosa,R2,5,2,22,Bako-09,2,2069.5,Assosa 2020
2020,Assosa,R3,8,3,34,Bako-09,2,1548.75,Assosa 2020
2020,Assosa,R1,13,1,13,Local,13,838.5,Assosa 2020
2020,Assosa,R2,1,2,26,Local,13,1241.25,Assosa 2020
2020,Assosa,R3,12,3,38,Local,13,864.0,Assosa 2020
2021,Assosa,R1,1,10,10,100094,11,1468.98,Assosa 2021
2021,Assosa,R2,2,7,20,100094,11,1406.07,Assosa 2021
2021,Assosa,R3,3,13,39,100094,11,1522.9,Assosa 2021
2021,Assosa,R1,1,1,1,203263,5,1415.08,Assosa 2021
2021,Assosa,R2,2,2,25,203263,5,1462.42,Assosa 2021
2021,Assosa,R3,3,11,37,203263,5,1191.25,Assosa 2021
2021,Assosa,R1,1,9,9,203264,12,1183.85,Assosa 2021
2021,Assosa,R2,2,4,23,203264,12,1463.45,Assosa 2021
2021,Assosa,R3,3,4,30,203264,12,1086.38,Assosa 2021
2021,Assosa,R1,1,2,2,203279,4,1357.03,Assosa 2021
2021,Assosa,R2,2,11,16,203279,4,1392.43,Assosa 2021
2021,Assosa,R3,3,1,27,203279,4,1514.27,Assosa 2021
2021,Assosa,R1,1,11,11,203325,3,1319.67,Assosa 2021
2021,Assosa,R2,2,10,17,203325,3,1332.98,Assosa 2021
2021,Assosa,R3,3,3,29,203325,3,1260.02,Assosa 2021
2021,Assosa,R1,1,7,7,203347,1,1359.38,Assosa 2021
2021,Assosa,R2,2,3,24,203347,1,1897.82,Assosa 2021
2021,Assosa,R3,3,2,28,203347,1,1277.43,Assosa 2021
2021,Assosa,R1,1,12,12,203356,10,1021.38,Assosa 2021
2021,Assosa,R2,2,6,21,203356,10,1153.42,Assosa 2021
2021,Assosa,R3,3,9,35,203356,10,1333.97,Assosa 2021
2021,Assosa,R1,1,8,8,203364,6,1431.0,Assosa 2021
2021,Assosa,R2,2,12,15,203364,6,1400.77,Assosa 2021
2021,Assosa,R3,3,7,33,203364,6,1289.27,Assosa 2021
2021,Assosa,R1,1,4,4,203439,8,2070.82,Assosa 2021
2021,Assosa,R2,2,13,14,203439,8,1349.92,Assosa 2021
2021,Assosa,R3,3,10,36,203439,8,1615.53,Assosa 2021
2021,Assosa,R1,1,6,6,203449,7,1061.17,Assosa 2021
2021,Assosa,R2,2,8,19,203449,7,1048.52,Assosa 2021
2021,Assosa,R3,3,5,31,203449,7,1044.22,Assosa 2021
2021,Assosa,R1,1,3,3,203496,9,1802.2,Assosa 2021
2021,Assosa,R2,2,9,18,203496,9,1275.83,Assosa 2021
2021,Assosa,R3,3,6,32,203496,9,1498.03,Assosa 2021
2021,Assosa,R1,1,5,5,Bako-09,2,1564.92,Assosa 2021
2021,Assosa,R2,2,5,22,Bako-09,2,1529.88,Assosa 2021
2021,Assosa,R3,3,8,34,Bako-09,2,1559.92,Assosa 2021
2021,Assosa,R1,1,13,13,local,13,1025.75,Assosa 2021
2021,Assosa,R2,2,1,26,local,13,1483.27,Assosa 2021
2021,Assosa,R3,3,12,38,local,13,1172.75,Assosa 2021
2018,Bako,R1,1,4,4,100077,4,905.75,Bako 2018
2018,Bako,R2,9,2,58,100077,4,1211.75,Bako 2018
2018,Bako,R1,1,1,1,100094,1,208.75,Bako 2018
2018,Bako,R2,8,6,51,100094,1,780.0,Bako 2018
2018,Bako,R1,7,3,45,203252,45,736.75,Bako 2018
2018,Bako,R2,9,6,62,203252,45,933.5,Bako 2018
2018,Bako,R1,2,5,10,203263,10,703.25,Bako 2018
2018,Bako,R2,10,7,64,203263,10,1526.0,Bako 2018
2018,Bako,R1,6,4,39,203264,39,1108.0,Bako 2018
2018,Bako,R2,11,6,76,203264,39,1071.0,Bako 2018
2018,Bako,R1,5,4,32,203266,32,720.25,Bako 2018
2018,Bako,R2,10,3,68,203266,32,911.0,Bako 2018
2018,Bako,R1,4,6,23,203273,23,1201.0,Bako 2018
2018,Bako,R2,11,4,74,203273,23,82.25,Bako 2018
2018,Bako,R1,3,7,21,203279,21,1012.0,Bako 2018
2018,Bako,R2,13,4,88,203279,21,2085.5,Bako 2018
2018,Bako,R1,2,2,13,203325,13,709.5,Bako 2018
2018,Bako,R2,14,6,93,203325,13,1421.0,Bako 2018
2018,Bako,R1,6,6,37,203335,37,1500.0,Bako 2018
2018,Bako,R2,12,5,80,203335,37,1751.75,Bako 2018
2018,Bako,R1,6,7,36,203343,36,780.25,Bako 2018
2018,Bako,R2,14,5,94,203343,36,884.0,Bako 2018
2018,Bako,R1,4,2,27,203347,27,1308.25,Bako 2018
2018,Bako,R2,13,2,86,203347,27,1431.0,Bako 2018
2018,Bako,R1,1,5,5,203356,5,568.25,Bako 2018
2018,Bako,R2,9,7,63,203356,5,2121.5,Bako 2018
2018,Bako,R1,1,7,7,203364,7,867.75,Bako 2018
2018,Bako,R2,13,3,87,203364,7,1377.25,Bako 2018
2018,Bako,R1,3,5,19,203371,19,1155.25,Bako 2018
2018,Bako,R2,8,1,56,203371,19,1311.25,Bako 2018
2018,Bako,R1,5,5,33,203429,33,990.75,Bako 2018
2018,Bako,R2,12,2,83,203429,33,1113.25,Bako 2018
2018,Bako,R1,4,5,24,203439,24,1130.5,Bako 2018
2018,Bako,R2,10,4,67,203439,24,804.75,Bako 2018
2018,Bako,R1,4,4,25,203449,25,909.5,Bako 2018
2018,Bako,R2,10,6,65,203449,25,1256.25,Bako 2018
2018,Bako,R1,4,7,22,203496,22,898.5,Bako 2018
2018,Bako,R2,12,7,78,203496,22,349.0,Bako 2018
2018,Bako,R1,6,5,38,208440,38,575.0,Bako 2018
2018,Bako,R2,14,3,96,208440,38,2805.25,Bako 2018
2018,Bako,R1,3,3,17,208725,17,647.5,Bako 2018
2018,Bako,R2,8,7,50,208725,17,940.5,Bako 2018
2018,Bako,R1,1,2,2,213033,2,976.25,Bako 2018
2018,Bako,R2,11,2,72,213033,2,839.75,Bako 2018
2018,Bako,R1,1,6,6,213034,6,523.0,Bako 2018
2018,Bako,R2,10,2,69,213034,6,463.25,Bako 2018
2018,Bako,R1,2,7,8,214997,8,461.25,Bako 2018
2018,Bako,R2,9,5,61,214997,8,565.25,Bako 2018
2018,Bako,R1,2,6,9,215826,9,634.0,Bako 2018
2018,Bako,R2,12,6,79,215826,9,274.75,Bako 2018
2018,Bako,R1,2,4,11,215840,11,459.75,Bako 2018
2018,Bako,R2,12,3,82,215840,11,735.0,Bako 2018
2018,Bako,R1,2,1,14,215969,14,1075.25,Bako 2018
2018,Bako,R2,13,7,91,215969,14,949.5,Bako 2018
2018,Bako,R1,3,1,15,229718,15,926.75,Bako 2018
2018,Bako,R2,13,1,85,229718,15,961.0,Bako 2018
2018,Bako,R1,6,2,41,229734,41,1094.5,Bako 2018
2018,Bako,R2,13,6,90,229734,41,244.5,Bako 2018
2018,Bako,R1,6,1,42,229735,42,838.0,Bako 2018
2018,Bako,R2,11,5,75,229735,42,578.5,Bako 2018
2018,Bako,R1,7,1,43,230098,43,754.25,Bako 2018
2018,Bako,R2,10,5,66,230098,43,536.0,Bako 2018
2018,Bako,R1,7,2,44,230099,44,545.5,Bako 2018
2018,Bako,R2,8,2,55,230099,44,524.25,Bako 2018
2018,Bako,R1,7,4,46,230102,46,708.75,Bako 2018
2018,Bako,R2,11,1,71,230102,46,854.25,Bako 2018
2018,Bako,R1,7,5,47,230104,47,834.75,Bako 2018
2018,Bako,R2,14,1,98,230104,47,1326.0,Bako 2018
2018,Bako,R1,7,6,48,230107,48,437.5,Bako 2018
2018,Bako,R2,13,5,89,230107,48,1390.25,Bako 2018
2018,Bako,R1,3,6,20,230559,20,1058.25,Bako 2018
2018,Bako,R2,9,4,60,230559,20,850.0,Bako 2018
2018,Bako,R1,4,3,26,230706,26,925.25,Bako 2018
2018,Bako,R2,14,4,95,230706,26,2197.0,Bako 2018
2018,Bako,R1,4,1,28,230721,28,662.25,Bako 2018
2018,Bako,R2,8,4,53,230721,28,849.0,Bako 2018
2018,Bako,R1,5,2,30,230976,30,851.75,Bako 2018
2018,Bako,R2,9,1,57,230976,30,977.5,Bako 2018
2018,Bako,R1,5,3,31,230984,31,1440.75,Bako 2018
2018,Bako,R2,8,3,54,230984,31,526.75,Bako 2018
2018,Bako,R1,5,6,34,243629,34,890.75,Bako 2018
2018,Bako,R2,9,3,59,243629,34,1051.75,Bako 2018
2018,Bako,R1,6,3,40,245090,40,626.75,Bako 2018
2018,Bako,R2,11,3,73,245090,40,745.25,Bako 2018
2018,Bako,R1,1,3,3,Addis-01,3,457.0,Bako 2018
2018,Bako,R1,3,2,16,Addis-01,16,1141.25,Bako 2018
2018,Bako,R1,7,7,49,Addis-01,49,490.25,Bako 2018
2018,Bako,R2,10,1,70,Addis-01,3,815.5,Bako 2018
2018,Bako,R2,11,7,77,Addis-01,16,611.0,Bako 2018
2018,Bako,R2,14,7,92,Addis-01,49,861.75,Bako 2018
2018,Bako,R1,2,3,12,Boneya,12,1331.25,Bako 2018
2018,Bako,R1,3,4,18,Boneya,18,1033.0,Bako 2018
2018,Bako,R1,5,1,29,Boneya,29,785.5,Bako 2018
2018,Bako,R2,8,5,52,Boneya,18,669.25,Bako 2018
2018,Bako,R2,12,4,81,Boneya,12,786.5,Bako 2018
2018,Bako,R2,14,2,97,Boneya,29,1242.75,Bako 2018
2018,Bako,R1,5,7,35,Local,35,1258.5,Bako 2018
2018,Bako,R2,12,1,84,Local,35,1452.25,Bako 2018
2020,Bako,R1,10,1,10,100094,11,2726.25,Bako 2020
2020,Bako,R2,7,2,20,100094,11,2145.75,Bako 2020
2020,Bako,R3,13,3,39,100094,11,3124.5,Bako 2020
2020,Bako,R1,1,1,1,203263,5,2318.5,Bako 2020
2020,Bako,R2,2,2,25,203263,5,2278.0,Bako 2020
2020,Bako,R3,11,3,37,203263,5,2246.0,Bako 2020
2020,Bako,R1,9,1,9,203264,12,1904.0,Bako 2020
2020,Bako,R2,4,2,23,203264,12,2117.25,Bako 2020
2020,Bako,R3,4,3,30,203264,12,213.5,Bako 2020
2020,Bako,R1,2,1,2,203279,4,3003.0,Bako 2020
2020,Bako,R2,11,2,16,203279,4,2569.0,Bako 2020
2020,Bako,R3,1,3,27,203279,4,1625.0,Bako 2020
2020,Bako,R1,11,1,11,203325,3,3719.75,Bako 2020
2020,Bako,R2,10,2,17,203325,3,2381.5,Bako 2020
2020,Bako,R3,3,3,29,203325,3,2765.75,Bako 2020
2020,Bako,R1,7,1,7,203347,1,2733.5,Bako 2020
2020,Bako,R2,3,2,24,203347,1,2575.5,Bako 2020
2020,Bako,R3,2,3,28,203347,1,3016.0,Bako 2020
2020,Bako,R1,12,1,12,203356,10,3284.5,Bako 2020
2020,Bako,R2,6,2,21,203356,10,3227.5,Bako 2020
2020,Bako,R3,9,3,35,203356,10,2218.25,Bako 2020
2020,Bako,R1,8,1,8,203364,6,2134.5,Bako 2020
2020,Bako,R2,12,2,15,203364,6,2456.25,Bako 2020
2020,Bako,R3,7,3,33,203364,6,2733.5,Bako 2020
2020,Bako,R1,4,1,4,203439,8,3285.25,Bako 2020
2020,Bako,R2,13,2,14,203439,8,2968.75,Bako 2020
2020,Bako,R3,10,3,36,203439,8,3114.5,Bako 2020
2020,Bako,R1,6,1,6,203449,7,1085.0,Bako 2020
2020,Bako,R2,8,2,19,203449,7,1070.0,Bako 2020
2020,Bako,R3,5,3,31,203449,7,1531.75,Bako 2020
2020,Bako,R1,3,1,3,203496,9,3420.25,Bako 2020
2020,Bako,R2,9,2,18,203496,9,2090.0,Bako 2020
2020,Bako,R3,6,3,32,203496,9,2568.0,Bako 2020
2020,Bako,R1,5,1,5,Bako-09,2,3408.0,Bako 2020
2020,Bako,R2,5,2,22,Bako-09,2,3582.75,Bako 2020
2020,Bako,R3,8,3,34,Bako-09,2,4400.75,Bako 2020
2020,Bako,R1,13,1,13,Local,13,2213.25,Bako 2020
2020,Bako,R2,1,2,26,Local,13,1662.5,Bako 2020
2020,Bako,R3,12,3,38,Local,13,3024.5,Bako 2020
2021,Bako,R1,1,10,10,100094,11,221.4,Bako 2021
2021,Bako,R2,2,7,20,100094,11,219.9,Bako 2021
2021,Bako,R2,2,1,26,100094,13,600.0,Bako 2021
2021,Bako,R1,1,1,1,203263,5,238.0,Bako 2021
2021,Bako,R1,1,13,13,203263,13,596.5,Bako 2021
2021,Bako,R2,2,2,25,203263,5,457.6,Bako 2021
2021,Bako,R1,1,9,9,203264,12,489.8,Bako 2021
2021,Bako,R2,2,4,23,203264,12,360.1,Bako 2021
2021,Bako,R3,3,4,30,203264,12,641.9,Bako 2021
2021,Bako,R1,1,2,2,203279,4,243.5,Bako 2021
2021,Bako,R2,2,11,16,203279,4,633.4,Bako 2021
2021,Bako,R3,3,1,27,203279,4,288.8,Bako 2021
2021,Bako,R1,1,11,11,203325,3,598.9,Bako 2021
2021,Bako,R2,2,10,17,203325,3,256.9,Bako 2021
2021,Bako,R3,3,3,29,203325,3,224.9,Bako 2021
2021,Bako,R1,1,7,7,203347,1,720.1,Bako 2021
2021,Bako,R2,2,3,24,203347,1,416.8,Bako 2021
2021,Bako,R3,3,2,28,203347,1,322.8,Bako 2021
2021,Bako,R1,1,12,12,203356,10,372.6,Bako 2021
2021,Bako,R2,2,6,21,203356,10,228.2,Bako 2021
2021,Bako,R3,3,9,35,203356,10,205.3,Bako 2021
2021,Bako,R1,1,8,8,203364,6,261.0,Bako 2021
2021,Bako,R2,2,12,15,203364,6,233.1,Bako 2021
2021,Bako,R3,3,7,33,203364,6,180.5,Bako 2021
2021,Bako,R1,1,4,4,203439,8,523.5,Bako 2021
2021,Bako,R2,2,13,14,203439,8,739.0,Bako 2021
2021,Bako,R3,3,10,36,203439,8,520.2,Bako 2021
2021,Bako,R1,1,6,6,203449,7,164.9,Bako 2021
2021,Bako,R2,2,8,19,203449,7,268.6,Bako 2021
2021,Bako,R3,3,5,31,203449,7,409.5,Bako 2021
2021,Bako,R1,1,3,3,203496,9,503.2,Bako 2021
2021,Bako,R2,2,9,18,203496,9,339.3,Bako 2021
2021,Bako,R3,3,6,32,203496,9,267.5,Bako 2021
2021,Bako,R1,1,5,5,Bako-09,2,369.4,Bako 2021
2021,Bako,R2,2,5,22,Bako-09,2,199.2,Bako 2021
2021,Bako,R3,3,8,34,Bako-09,2,211.1,Bako 2021
2021,Bako,R3,3,11,37,local,5,202.9,Bako 2021
2021,Bako,R3,3,12,38,local,13,315.9,Bako 2021
2021,Bako,R3,3,13,39,local,11,572.7,Bako 2021
